motif_ID	motif_ALT_ID	motif_P-value	seq_ID	seq_Score	seq_Class	is_holdout?
1-CGCTTCC	STREME-1	3.7e-001	Sequence_133	12.68	tp	0
1-CGCTTCC	STREME-1	3.7e-001	Sequence_652	12.68	tp	0
1-CGCTTCC	STREME-1	3.7e-001	Sequence_266	12.68	tp	0
1-CGCTTCC	STREME-1	3.7e-001	Sequence_326	12.68	tp	0
1-CGCTTCC	STREME-1	3.7e-001	Sequence_265	12.68	tp	0
1-CGCTTCC	STREME-1	3.7e-001	Sequence_653	12.68	tp	0
1-CGCTTCC	STREME-1	3.7e-001	Sequence_832	12.68	tp	0
1-CGCTTCC	STREME-1	3.7e-001	Sequence_327	12.68	tp	0
1-CGCTTCC	STREME-1	3.7e-001	Sequence_880	12.68	tp	0
1-CGCTTCC	STREME-1	3.7e-001	Sequence_858	12.68	tp	0
1-CGCTTCC	STREME-1	3.7e-001	Sequence_304	12.68	tp	0
1-CGCTTCC	STREME-1	3.7e-001	Sequence_133	12.68	fp	0
1-CGCTTCC	STREME-1	3.7e-001	Sequence_516	12.68	fp	0
1-CGCTTCC	STREME-1	3.7e-001	Sequence_762	12.68	tp	1
1-CGCTTCC	STREME-1	3.7e-001	Sequence_712	12.68	fp	1
1-CGCTTCC	STREME-1	3.7e-001	Sequence_670	11.16	tp	0
1-CGCTTCC	STREME-1	3.7e-001	Sequence_671	11.16	tp	0
1-CGCTTCC	STREME-1	3.7e-001	Sequence_382	11.16	tp	0
1-CGCTTCC	STREME-1	3.7e-001	Sequence_223	11.16	tp	0
1-CGCTTCC	STREME-1	3.7e-001	Sequence_900	11.16	tp	0
1-CGCTTCC	STREME-1	3.7e-001	Sequence_901	11.16	tp	0
1-CGCTTCC	STREME-1	3.7e-001	Sequence_546	11.16	tp	0
1-CGCTTCC	STREME-1	3.7e-001	Sequence_625	11.16	tp	0
1-CGCTTCC	STREME-1	3.7e-001	Sequence_984	11.16	tp	0
1-CGCTTCC	STREME-1	3.7e-001	Sequence_619	11.16	tp	0
1-CGCTTCC	STREME-1	3.7e-001	Sequence_436	11.16	tp	0
1-CGCTTCC	STREME-1	3.7e-001	Sequence_623	11.16	tp	0
1-CGCTTCC	STREME-1	3.7e-001	Sequence_545	11.16	tp	0
1-CGCTTCC	STREME-1	3.7e-001	Sequence_840	11.16	tp	0
1-CGCTTCC	STREME-1	3.7e-001	Sequence_26	11.16	tp	0
1-CGCTTCC	STREME-1	3.7e-001	Sequence_485	11.16	tp	0
1-CGCTTCC	STREME-1	3.7e-001	Sequence_68	11.16	tp	0
1-CGCTTCC	STREME-1	3.7e-001	Sequence_325	11.16	tp	0
1-CGCTTCC	STREME-1	3.7e-001	Sequence_267	11.16	fp	0
1-CGCTTCC	STREME-1	3.7e-001	Sequence_161	11.16	fp	0
1-CGCTTCC	STREME-1	3.7e-001	Sequence_426	11.16	fp	0
1-CGCTTCC	STREME-1	3.7e-001	Sequence_60	11.16	fp	0
1-CGCTTCC	STREME-1	3.7e-001	Sequence_920	11.16	fp	0
1-CGCTTCC	STREME-1	3.7e-001	Sequence_416	11.16	fp	0
1-CGCTTCC	STREME-1	3.7e-001	Sequence_436	11.16	fp	0
1-CGCTTCC	STREME-1	3.7e-001	Sequence_60	11.16	tp	1
1-CGCTTCC	STREME-1	3.7e-001	Sequence_161	11.16	tp	1
1-CGCTTCC	STREME-1	3.7e-001	Sequence_286	11.16	fp	1
1-CGCTTCC	STREME-1	3.7e-001	Sequence_546	11.16	fp	1
1-CGCTTCC	STREME-1	3.7e-001	Sequence_107	11.12	tp	0
1-CGCTTCC	STREME-1	3.7e-001	Sequence_289	11.12	tp	0
1-CGCTTCC	STREME-1	3.7e-001	Sequence_769	11.12	tp	0
1-CGCTTCC	STREME-1	3.7e-001	Sequence_913	10.05	tp	0
1-CGCTTCC	STREME-1	3.7e-001	Sequence_25	10.05	tp	0
1-CGCTTCC	STREME-1	3.7e-001	Sequence_628	10.05	tp	0
1-CGCTTCC	STREME-1	3.7e-001	Sequence_165	10.05	tp	1
1-CGCTTCC	STREME-1	3.7e-001	Sequence_432	10.00	tp	0
1-CGCTTCC	STREME-1	3.7e-001	Sequence_295	10.00	tp	0
1-CGCTTCC	STREME-1	3.7e-001	Sequence_733	10.00	tp	0
1-CGCTTCC	STREME-1	3.7e-001	Sequence_147	10.00	tp	0
1-CGCTTCC	STREME-1	3.7e-001	Sequence_516	10.00	tp	0
1-CGCTTCC	STREME-1	3.7e-001	Sequence_256	10.00	tp	0
1-CGCTTCC	STREME-1	3.7e-001	Sequence_763	10.00	tp	0
1-CGCTTCC	STREME-1	3.7e-001	Sequence_102	10.00	tp	0
1-CGCTTCC	STREME-1	3.7e-001	Sequence_640	10.00	tp	0
1-CGCTTCC	STREME-1	3.7e-001	Sequence_451	10.00	tp	0
1-CGCTTCC	STREME-1	3.7e-001	Sequence_764	10.00	fp	0
1-CGCTTCC	STREME-1	3.7e-001	Sequence_671	10.00	fp	0
1-CGCTTCC	STREME-1	3.7e-001	Sequence_263	10.00	fp	0
1-CGCTTCC	STREME-1	3.7e-001	Sequence_627	10.00	fp	0
1-CGCTTCC	STREME-1	3.7e-001	Sequence_147	10.00	fp	0
1-CGCTTCC	STREME-1	3.7e-001	Sequence_331	10.00	fp	0
1-CGCTTCC	STREME-1	3.7e-001	Sequence_479	10.00	tp	1
1-CGCTTCC	STREME-1	3.7e-001	Sequence_623	10.00	fp	1
1-CGCTTCC	STREME-1	3.7e-001	Sequence_548	9.52	tp	0
1-CGCTTCC	STREME-1	3.7e-001	Sequence_939	9.52	tp	0
1-CGCTTCC	STREME-1	3.7e-001	Sequence_644	9.52	tp	0
1-CGCTTCC	STREME-1	3.7e-001	Sequence_643	9.52	tp	0
1-CGCTTCC	STREME-1	3.7e-001	Sequence_643	9.52	fp	0
1-CGCTTCC	STREME-1	3.7e-001	Sequence_924	9.52	fp	0
1-CGCTTCC	STREME-1	3.7e-001	Sequence_815	9.44	tp	0
1-CGCTTCC	STREME-1	3.7e-001	Sequence_896	9.44	tp	0
1-CGCTTCC	STREME-1	3.7e-001	Sequence_742	9.44	fp	0
1-CGCTTCC	STREME-1	3.7e-001	Sequence_511	9.44	tp	1
1-CGCTTCC	STREME-1	3.7e-001	Sequence_869	9.06	tp	0
1-CGCTTCC	STREME-1	3.7e-001	Sequence_54	9.06	tp	0
1-CGCTTCC	STREME-1	3.7e-001	Sequence_65	9.06	tp	0
1-CGCTTCC	STREME-1	3.7e-001	Sequence_814	9.06	tp	0
1-CGCTTCC	STREME-1	3.7e-001	Sequence_399	9.06	tp	0
1-CGCTTCC	STREME-1	3.7e-001	Sequence_189	9.06	fp	0
1-CGCTTCC	STREME-1	3.7e-001	Sequence_869	9.06	fp	0
#
2-CTACTGC	STREME-2	5.0e-001	Sequence_75	13.12	tp	0
2-CTACTGC	STREME-2	5.0e-001	Sequence_88	13.12	tp	0
2-CTACTGC	STREME-2	5.0e-001	Sequence_764	13.12	tp	0
2-CTACTGC	STREME-2	5.0e-001	Sequence_615	13.12	tp	0
2-CTACTGC	STREME-2	5.0e-001	Sequence_90	13.12	tp	0
2-CTACTGC	STREME-2	5.0e-001	Sequence_47	13.12	tp	0
2-CTACTGC	STREME-2	5.0e-001	Sequence_666	13.12	tp	0
2-CTACTGC	STREME-2	5.0e-001	Sequence_665	13.12	tp	0
2-CTACTGC	STREME-2	5.0e-001	Sequence_402	13.12	tp	0
2-CTACTGC	STREME-2	5.0e-001	Sequence_619	13.12	tp	0
2-CTACTGC	STREME-2	5.0e-001	Sequence_616	13.12	tp	0
2-CTACTGC	STREME-2	5.0e-001	Sequence_419	13.12	tp	0
2-CTACTGC	STREME-2	5.0e-001	Sequence_195	13.12	tp	0
2-CTACTGC	STREME-2	5.0e-001	Sequence_917	13.12	tp	0
2-CTACTGC	STREME-2	5.0e-001	Sequence_374	13.12	tp	0
2-CTACTGC	STREME-2	5.0e-001	Sequence_287	13.12	fp	0
2-CTACTGC	STREME-2	5.0e-001	Sequence_529	13.12	fp	0
2-CTACTGC	STREME-2	5.0e-001	Sequence_727	13.12	fp	0
2-CTACTGC	STREME-2	5.0e-001	Sequence_536	13.12	fp	0
2-CTACTGC	STREME-2	5.0e-001	Sequence_21	13.12	fp	1
2-CTACTGC	STREME-2	5.0e-001	Sequence_756	11.89	tp	0
2-CTACTGC	STREME-2	5.0e-001	Sequence_546	11.89	tp	0
2-CTACTGC	STREME-2	5.0e-001	Sequence_843	11.89	tp	0
2-CTACTGC	STREME-2	5.0e-001	Sequence_948	11.89	tp	0
2-CTACTGC	STREME-2	5.0e-001	Sequence_38	11.89	tp	0
2-CTACTGC	STREME-2	5.0e-001	Sequence_545	11.89	tp	0
2-CTACTGC	STREME-2	5.0e-001	Sequence_533	11.89	tp	0
2-CTACTGC	STREME-2	5.0e-001	Sequence_63	11.89	tp	0
2-CTACTGC	STREME-2	5.0e-001	Sequence_64	11.89	tp	0
2-CTACTGC	STREME-2	5.0e-001	Sequence_529	11.89	tp	0
2-CTACTGC	STREME-2	5.0e-001	Sequence_122	11.89	fp	0
2-CTACTGC	STREME-2	5.0e-001	Sequence_193	11.89	tp	1
2-CTACTGC	STREME-2	5.0e-001	Sequence_818	10.88	tp	0
2-CTACTGC	STREME-2	5.0e-001	Sequence_29	10.88	tp	0
2-CTACTGC	STREME-2	5.0e-001	Sequence_287	10.88	tp	0
2-CTACTGC	STREME-2	5.0e-001	Sequence_114	10.88	tp	0
2-CTACTGC	STREME-2	5.0e-001	Sequence_42	10.88	tp	0
2-CTACTGC	STREME-2	5.0e-001	Sequence_521	10.88	tp	0
2-CTACTGC	STREME-2	5.0e-001	Sequence_160	10.88	fp	0
2-CTACTGC	STREME-2	5.0e-001	Sequence_109	10.88	tp	1
#
3-CGKCGMCG	STREME-3	5.0e-001	Sequence_921	13.56	tp	0
3-CGKCGMCG	STREME-3	5.0e-001	Sequence_805	13.56	tp	0
3-CGKCGMCG	STREME-3	5.0e-001	Sequence_473	13.56	tp	0
3-CGKCGMCG	STREME-3	5.0e-001	Sequence_473	13.56	fp	0
3-CGKCGMCG	STREME-3	5.0e-001	Sequence_928	13.56	tp	1
3-CGKCGMCG	STREME-3	5.0e-001	Sequence_519	12.55	tp	0
3-CGKCGMCG	STREME-3	5.0e-001	Sequence_693	12.55	tp	0
3-CGKCGMCG	STREME-3	5.0e-001	Sequence_225	12.55	tp	0
3-CGKCGMCG	STREME-3	5.0e-001	Sequence_214	12.55	tp	0
3-CGKCGMCG	STREME-3	5.0e-001	Sequence_391	12.55	tp	0
3-CGKCGMCG	STREME-3	5.0e-001	Sequence_673	12.55	tp	0
3-CGKCGMCG	STREME-3	5.0e-001	Sequence_971	12.55	tp	0
3-CGKCGMCG	STREME-3	5.0e-001	Sequence_672	12.55	tp	0
3-CGKCGMCG	STREME-3	5.0e-001	Sequence_451	12.55	tp	0
3-CGKCGMCG	STREME-3	5.0e-001	Sequence_668	12.55	tp	0
3-CGKCGMCG	STREME-3	5.0e-001	Sequence_519	12.55	fp	0
3-CGKCGMCG	STREME-3	5.0e-001	Sequence_603	12.55	fp	0
3-CGKCGMCG	STREME-3	5.0e-001	Sequence_670	12.55	fp	0
3-CGKCGMCG	STREME-3	5.0e-001	Sequence_631	12.55	tp	1
3-CGKCGMCG	STREME-3	5.0e-001	Sequence_670	11.53	tp	0
3-CGKCGMCG	STREME-3	5.0e-001	Sequence_671	11.53	tp	0
3-CGKCGMCG	STREME-3	5.0e-001	Sequence_395	11.53	tp	0
3-CGKCGMCG	STREME-3	5.0e-001	Sequence_663	11.53	tp	0
3-CGKCGMCG	STREME-3	5.0e-001	Sequence_465	11.53	fp	0
3-CGKCGMCG	STREME-3	5.0e-001	Sequence_54	11.53	fp	0
3-CGKCGMCG	STREME-3	5.0e-001	Sequence_970	11.33	tp	0
3-CGKCGMCG	STREME-3	5.0e-001	Sequence_880	11.33	tp	0
3-CGKCGMCG	STREME-3	5.0e-001	Sequence_796	11.33	fp	0
3-CGKCGMCG	STREME-3	5.0e-001	Sequence_409	10.86	tp	0
3-CGKCGMCG	STREME-3	5.0e-001	Sequence_921	10.86	fp	0
3-CGKCGMCG	STREME-3	5.0e-001	Sequence_651	10.86	fp	0
3-CGKCGMCG	STREME-3	5.0e-001	Sequence_222	10.54	fp	0
3-CGKCGMCG	STREME-3	5.0e-001	Sequence_266	10.49	tp	0
3-CGKCGMCG	STREME-3	5.0e-001	Sequence_147	10.49	tp	0
3-CGKCGMCG	STREME-3	5.0e-001	Sequence_264	10.49	tp	0
3-CGKCGMCG	STREME-3	5.0e-001	Sequence_265	10.49	tp	0
3-CGKCGMCG	STREME-3	5.0e-001	Sequence_437	10.49	tp	1
3-CGKCGMCG	STREME-3	5.0e-001	Sequence_796	10.31	tp	0
3-CGKCGMCG	STREME-3	5.0e-001	Sequence_301	10.31	fp	0
3-CGKCGMCG	STREME-3	5.0e-001	Sequence_211	10.31	fp	0
3-CGKCGMCG	STREME-3	5.0e-001	Sequence_996	10.31	fp	0
3-CGKCGMCG	STREME-3	5.0e-001	Sequence_674	10.31	fp	0
3-CGKCGMCG	STREME-3	5.0e-001	Sequence_882	10.24	tp	0
3-CGKCGMCG	STREME-3	5.0e-001	Sequence_797	10.24	tp	1
3-CGKCGMCG	STREME-3	5.0e-001	Sequence_238	10.15	tp	0
3-CGKCGMCG	STREME-3	5.0e-001	Sequence_196	9.96	tp	0
3-CGKCGMCG	STREME-3	5.0e-001	Sequence_970	9.96	fp	0
3-CGKCGMCG	STREME-3	5.0e-001	Sequence_297	9.85	tp	0
3-CGKCGMCG	STREME-3	5.0e-001	Sequence_538	9.85	tp	0
3-CGKCGMCG	STREME-3	5.0e-001	Sequence_669	9.85	tp	0
3-CGKCGMCG	STREME-3	5.0e-001	Sequence_435	9.85	tp	0
3-CGKCGMCG	STREME-3	5.0e-001	Sequence_265	9.85	fp	0
3-CGKCGMCG	STREME-3	5.0e-001	Sequence_451	9.85	fp	0
3-CGKCGMCG	STREME-3	5.0e-001	Sequence_288	9.85	fp	0
3-CGKCGMCG	STREME-3	5.0e-001	Sequence_263	9.53	tp	0
3-CGKCGMCG	STREME-3	5.0e-001	Sequence_213	9.53	tp	0
3-CGKCGMCG	STREME-3	5.0e-001	Sequence_8	9.53	tp	0
3-CGKCGMCG	STREME-3	5.0e-001	Sequence_224	9.53	tp	0
3-CGKCGMCG	STREME-3	5.0e-001	Sequence_883	9.53	tp	0
3-CGKCGMCG	STREME-3	5.0e-001	Sequence_582	9.53	tp	0
3-CGKCGMCG	STREME-3	5.0e-001	Sequence_823	9.53	tp	0
3-CGKCGMCG	STREME-3	5.0e-001	Sequence_522	9.53	tp	0
3-CGKCGMCG	STREME-3	5.0e-001	Sequence_899	9.53	fp	0
3-CGKCGMCG	STREME-3	5.0e-001	Sequence_452	9.53	fp	0
3-CGKCGMCG	STREME-3	5.0e-001	Sequence_264	9.53	fp	0
3-CGKCGMCG	STREME-3	5.0e-001	Sequence_517	9.53	fp	0
3-CGKCGMCG	STREME-3	5.0e-001	Sequence_663	9.53	fp	0
3-CGKCGMCG	STREME-3	5.0e-001	Sequence_8	9.53	fp	0
3-CGKCGMCG	STREME-3	5.0e-001	Sequence_389	9.53	fp	0
3-CGKCGMCG	STREME-3	5.0e-001	Sequence_223	9.53	fp	0
3-CGKCGMCG	STREME-3	5.0e-001	Sequence_392	9.53	fp	0
3-CGKCGMCG	STREME-3	5.0e-001	Sequence_389	9.53	tp	1
3-CGKCGMCG	STREME-3	5.0e-001	Sequence_400	9.51	tp	0
3-CGKCGMCG	STREME-3	5.0e-001	Sequence_408	9.51	tp	0
3-CGKCGMCG	STREME-3	5.0e-001	Sequence_479	9.51	tp	1
3-CGKCGMCG	STREME-3	5.0e-001	Sequence_270	9.48	tp	0
3-CGKCGMCG	STREME-3	5.0e-001	Sequence_211	9.48	tp	0
3-CGKCGMCG	STREME-3	5.0e-001	Sequence_444	9.48	fp	1
3-CGKCGMCG	STREME-3	5.0e-001	Sequence_627	9.23	tp	0
3-CGKCGMCG	STREME-3	5.0e-001	Sequence_31	9.23	tp	0
3-CGKCGMCG	STREME-3	5.0e-001	Sequence_691	9.23	fp	0
3-CGKCGMCG	STREME-3	5.0e-001	Sequence_79	9.22	tp	0
3-CGKCGMCG	STREME-3	5.0e-001	Sequence_654	9.13	tp	0
3-CGKCGMCG	STREME-3	5.0e-001	Sequence_863	9.13	tp	0
3-CGKCGMCG	STREME-3	5.0e-001	Sequence_102	9.13	tp	0
3-CGKCGMCG	STREME-3	5.0e-001	Sequence_628	9.08	tp	0
3-CGKCGMCG	STREME-3	5.0e-001	Sequence_652	9.08	fp	0
3-CGKCGMCG	STREME-3	5.0e-001	Sequence_969	8.95	tp	0
3-CGKCGMCG	STREME-3	5.0e-001	Sequence_969	8.95	fp	0
3-CGKCGMCG	STREME-3	5.0e-001	Sequence_333	8.95	fp	0
3-CGKCGMCG	STREME-3	5.0e-001	Sequence_320	8.93	tp	0
3-CGKCGMCG	STREME-3	5.0e-001	Sequence_381	8.93	tp	0
3-CGKCGMCG	STREME-3	5.0e-001	Sequence_922	8.89	tp	0
3-CGKCGMCG	STREME-3	5.0e-001	Sequence_177	8.89	fp	0
3-CGKCGMCG	STREME-3	5.0e-001	Sequence_823	8.79	fp	0
3-CGKCGMCG	STREME-3	5.0e-001	Sequence_976	8.62	tp	0
3-CGKCGMCG	STREME-3	5.0e-001	Sequence_82	8.60	tp	0
3-CGKCGMCG	STREME-3	5.0e-001	Sequence_267	8.43	fp	0
3-CGKCGMCG	STREME-3	5.0e-001	Sequence_996	8.30	tp	0
3-CGKCGMCG	STREME-3	5.0e-001	Sequence_268	8.30	tp	0
3-CGKCGMCG	STREME-3	5.0e-001	Sequence_517	8.30	tp	0
3-CGKCGMCG	STREME-3	5.0e-001	Sequence_614	8.30	fp	0
3-CGKCGMCG	STREME-3	5.0e-001	Sequence_667	8.30	fp	0
3-CGKCGMCG	STREME-3	5.0e-001	Sequence_269	8.30	fp	0
3-CGKCGMCG	STREME-3	5.0e-001	Sequence_795	8.28	tp	0
3-CGKCGMCG	STREME-3	5.0e-001	Sequence_95	8.28	tp	0
3-CGKCGMCG	STREME-3	5.0e-001	Sequence_174	8.28	fp	0
3-CGKCGMCG	STREME-3	5.0e-001	Sequence_628	8.25	fp	0
3-CGKCGMCG	STREME-3	5.0e-001	Sequence_653	8.25	fp	0
3-CGKCGMCG	STREME-3	5.0e-001	Sequence_867	8.21	tp	0
3-CGKCGMCG	STREME-3	5.0e-001	Sequence_317	8.21	tp	0
3-CGKCGMCG	STREME-3	5.0e-001	Sequence_927	8.21	fp	0
3-CGKCGMCG	STREME-3	5.0e-001	Sequence_297	8.15	fp	0
3-CGKCGMCG	STREME-3	5.0e-001	Sequence_47	8.13	tp	0
3-CGKCGMCG	STREME-3	5.0e-001	Sequence_666	8.13	fp	0
3-CGKCGMCG	STREME-3	5.0e-001	Sequence_651	8.13	tp	1
3-CGKCGMCG	STREME-3	5.0e-001	Sequence_304	8.01	fp	1
3-CGKCGMCG	STREME-3	5.0e-001	Sequence_276	7.97	tp	0
3-CGKCGMCG	STREME-3	5.0e-001	Sequence_775	7.97	tp	0
3-CGKCGMCG	STREME-3	5.0e-001	Sequence_625	7.97	fp	1
3-CGKCGMCG	STREME-3	5.0e-001	Sequence_797	7.97	fp	1
3-CGKCGMCG	STREME-3	5.0e-001	Sequence_603	7.92	tp	0
3-CGKCGMCG	STREME-3	5.0e-001	Sequence_185	7.91	fp	0
3-CGKCGMCG	STREME-3	5.0e-001	Sequence_492	7.88	tp	0
3-CGKCGMCG	STREME-3	5.0e-001	Sequence_850	7.88	fp	0
3-CGKCGMCG	STREME-3	5.0e-001	Sequence_767	7.84	tp	0
3-CGKCGMCG	STREME-3	5.0e-001	Sequence_832	7.84	tp	0
3-CGKCGMCG	STREME-3	5.0e-001	Sequence_937	7.81	fp	0
3-CGKCGMCG	STREME-3	5.0e-001	Sequence_418	7.78	tp	0
3-CGKCGMCG	STREME-3	5.0e-001	Sequence_9	7.78	fp	0
3-CGKCGMCG	STREME-3	5.0e-001	Sequence_331	7.73	tp	0
3-CGKCGMCG	STREME-3	5.0e-001	Sequence_330	7.73	tp	0
3-CGKCGMCG	STREME-3	5.0e-001	Sequence_840	7.73	fp	0
3-CGKCGMCG	STREME-3	5.0e-001	Sequence_368	7.60	tp	0
3-CGKCGMCG	STREME-3	5.0e-001	Sequence_632	7.59	tp	0
3-CGKCGMCG	STREME-3	5.0e-001	Sequence_538	7.54	fp	0
3-CGKCGMCG	STREME-3	5.0e-001	Sequence_899	7.52	tp	0
3-CGKCGMCG	STREME-3	5.0e-001	Sequence_898	7.52	tp	0
3-CGKCGMCG	STREME-3	5.0e-001	Sequence_266	7.52	fp	0
3-CGKCGMCG	STREME-3	5.0e-001	Sequence_434	7.52	fp	0
3-CGKCGMCG	STREME-3	5.0e-001	Sequence_294	7.52	fp	0
3-CGKCGMCG	STREME-3	5.0e-001	Sequence_932	7.50	tp	0
3-CGKCGMCG	STREME-3	5.0e-001	Sequence_527	7.47	tp	0
3-CGKCGMCG	STREME-3	5.0e-001	Sequence_527	7.41	fp	0
3-CGKCGMCG	STREME-3	5.0e-001	Sequence_461	7.25	tp	1
3-CGKCGMCG	STREME-3	5.0e-001	Sequence_395	7.22	fp	0
3-CGKCGMCG	STREME-3	5.0e-001	Sequence_459	7.19	tp	0
3-CGKCGMCG	STREME-3	5.0e-001	Sequence_516	7.19	tp	0
3-CGKCGMCG	STREME-3	5.0e-001	Sequence_365	7.19	tp	0
3-CGKCGMCG	STREME-3	5.0e-001	Sequence_904	7.17	fp	0
3-CGKCGMCG	STREME-3	5.0e-001	Sequence_563	7.17	fp	0
3-CGKCGMCG	STREME-3	5.0e-001	Sequence_408	7.17	fp	0
3-CGKCGMCG	STREME-3	5.0e-001	Sequence_448	7.17	fp	1
3-CGKCGMCG	STREME-3	5.0e-001	Sequence_157	7.17	fp	1
3-CGKCGMCG	STREME-3	5.0e-001	Sequence_829	7.12	tp	0
3-CGKCGMCG	STREME-3	5.0e-001	Sequence_623	7.12	tp	0
3-CGKCGMCG	STREME-3	5.0e-001	Sequence_444	7.12	tp	0
3-CGKCGMCG	STREME-3	5.0e-001	Sequence_10	7.07	tp	0
3-CGKCGMCG	STREME-3	5.0e-001	Sequence_644	7.07	tp	0
3-CGKCGMCG	STREME-3	5.0e-001	Sequence_9	7.07	tp	0
3-CGKCGMCG	STREME-3	5.0e-001	Sequence_643	7.07	tp	0
3-CGKCGMCG	STREME-3	5.0e-001	Sequence_654	7.07	fp	0
3-CGKCGMCG	STREME-3	5.0e-001	Sequence_563	7.00	tp	0
3-CGKCGMCG	STREME-3	5.0e-001	Sequence_452	7.00	tp	0
3-CGKCGMCG	STREME-3	5.0e-001	Sequence_914	7.00	fp	0
3-CGKCGMCG	STREME-3	5.0e-001	Sequence_325	7.00	fp	0
3-CGKCGMCG	STREME-3	5.0e-001	Sequence_79	6.98	fp	0
3-CGKCGMCG	STREME-3	5.0e-001	Sequence_392	6.94	tp	0
3-CGKCGMCG	STREME-3	5.0e-001	Sequence_393	6.94	tp	0
3-CGKCGMCG	STREME-3	5.0e-001	Sequence_132	6.94	tp	0
3-CGKCGMCG	STREME-3	5.0e-001	Sequence_850	6.92	tp	0
3-CGKCGMCG	STREME-3	5.0e-001	Sequence_223	6.92	tp	0
3-CGKCGMCG	STREME-3	5.0e-001	Sequence_128	6.92	tp	0
3-CGKCGMCG	STREME-3	5.0e-001	Sequence_394	6.92	fp	0
3-CGKCGMCG	STREME-3	5.0e-001	Sequence_326	6.92	fp	0
3-CGKCGMCG	STREME-3	5.0e-001	Sequence_778	6.92	fp	0
3-CGKCGMCG	STREME-3	5.0e-001	Sequence_791	6.92	tp	0
3-CGKCGMCG	STREME-3	5.0e-001	Sequence_417	6.91	tp	0
3-CGKCGMCG	STREME-3	5.0e-001	Sequence_774	6.91	tp	0
3-CGKCGMCG	STREME-3	5.0e-001	Sequence_416	6.91	tp	0
3-CGKCGMCG	STREME-3	5.0e-001	Sequence_417	6.91	fp	0
3-CGKCGMCG	STREME-3	5.0e-001	Sequence_52	6.89	tp	0
3-CGKCGMCG	STREME-3	5.0e-001	Sequence_147	6.89	fp	0
3-CGKCGMCG	STREME-3	5.0e-001	Sequence_331	6.83	fp	0
3-CGKCGMCG	STREME-3	5.0e-001	Sequence_548	6.74	tp	0
3-CGKCGMCG	STREME-3	5.0e-001	Sequence_840	6.74	tp	0
3-CGKCGMCG	STREME-3	5.0e-001	Sequence_696	6.74	tp	0
3-CGKCGMCG	STREME-3	5.0e-001	Sequence_928	6.74	fp	0
3-CGKCGMCG	STREME-3	5.0e-001	Sequence_767	6.74	fp	1
3-CGKCGMCG	STREME-3	5.0e-001	Sequence_64	6.69	tp	0
3-CGKCGMCG	STREME-3	5.0e-001	Sequence_583	6.68	tp	0
3-CGKCGMCG	STREME-3	5.0e-001	Sequence_624	6.68	tp	0
3-CGKCGMCG	STREME-3	5.0e-001	Sequence_753	6.68	tp	0
3-CGKCGMCG	STREME-3	5.0e-001	Sequence_659	6.64	tp	0
3-CGKCGMCG	STREME-3	5.0e-001	Sequence_794	6.63	tp	0
3-CGKCGMCG	STREME-3	5.0e-001	Sequence_332	6.63	tp	0
3-CGKCGMCG	STREME-3	5.0e-001	Sequence_803	6.63	tp	0
3-CGKCGMCG	STREME-3	5.0e-001	Sequence_756	6.63	fp	0
3-CGKCGMCG	STREME-3	5.0e-001	Sequence_557	6.54	fp	0
3-CGKCGMCG	STREME-3	5.0e-001	Sequence_81	6.54	fp	0
3-CGKCGMCG	STREME-3	5.0e-001	Sequence_325	6.48	tp	0
3-CGKCGMCG	STREME-3	5.0e-001	Sequence_902	6.48	fp	0
3-CGKCGMCG	STREME-3	5.0e-001	Sequence_652	6.42	tp	0
3-CGKCGMCG	STREME-3	5.0e-001	Sequence_653	6.42	tp	0
3-CGKCGMCG	STREME-3	5.0e-001	Sequence_666	6.37	tp	0
3-CGKCGMCG	STREME-3	5.0e-001	Sequence_523	6.35	tp	0
3-CGKCGMCG	STREME-3	5.0e-001	Sequence_557	6.35	tp	0
3-CGKCGMCG	STREME-3	5.0e-001	Sequence_648	6.35	tp	0
3-CGKCGMCG	STREME-3	5.0e-001	Sequence_322	6.34	tp	0
3-CGKCGMCG	STREME-3	5.0e-001	Sequence_837	6.34	tp	0
3-CGKCGMCG	STREME-3	5.0e-001	Sequence_565	6.34	tp	1
3-CGKCGMCG	STREME-3	5.0e-001	Sequence_565	6.34	fp	1
3-CGKCGMCG	STREME-3	5.0e-001	Sequence_165	6.29	tp	1
3-CGKCGMCG	STREME-3	5.0e-001	Sequence_324	6.24	tp	0
3-CGKCGMCG	STREME-3	5.0e-001	Sequence_277	6.22	tp	0
3-CGKCGMCG	STREME-3	5.0e-001	Sequence_846	6.22	tp	0
3-CGKCGMCG	STREME-3	5.0e-001	Sequence_467	6.22	tp	0
3-CGKCGMCG	STREME-3	5.0e-001	Sequence_277	6.22	fp	0
3-CGKCGMCG	STREME-3	5.0e-001	Sequence_884	6.22	fp	1
