motif_ID	motif_ALT_ID	seq_ID	site_Start	site_End	site_Strand	site_Score	site_Sequence
1-CGCTTCC	STREME-1	Sequence_762	22	28	-	12.68	CGCTTCC
1-CGCTTCC	STREME-1	Sequence_133	22	28	-	12.68	CGCTTCC
1-CGCTTCC	STREME-1	Sequence_652	7	13	-	12.68	CGCTTCC
1-CGCTTCC	STREME-1	Sequence_266	21	27	+	12.68	CGCTTCC
1-CGCTTCC	STREME-1	Sequence_326	16	22	-	12.68	CGCTTCC
1-CGCTTCC	STREME-1	Sequence_265	31	37	+	12.68	CGCTTCC
1-CGCTTCC	STREME-1	Sequence_653	22	28	-	12.68	CGCTTCC
1-CGCTTCC	STREME-1	Sequence_832	19	25	+	12.68	CGCTTCC
1-CGCTTCC	STREME-1	Sequence_327	1	7	-	12.68	CGCTTCC
1-CGCTTCC	STREME-1	Sequence_880	8	14	-	12.68	CGCTTCC
1-CGCTTCC	STREME-1	Sequence_858	16	22	-	12.68	CGCTTCC
1-CGCTTCC	STREME-1	Sequence_304	22	28	-	12.68	CGCTTCC
1-CGCTTCC	STREME-1	Sequence_304	28	34	-	12.68	CGCTTCC
1-CGCTTCC	STREME-1	Sequence_670	19	25	+	11.16	CGCTGCC
1-CGCTTCC	STREME-1	Sequence_60	19	25	+	11.16	CGCTGCC
1-CGCTTCC	STREME-1	Sequence_671	35	41	-	11.16	CGCTGCC
1-CGCTTCC	STREME-1	Sequence_161	19	25	+	11.16	CGCTGCC
1-CGCTTCC	STREME-1	Sequence_382	19	25	+	11.16	CGCTGCC
1-CGCTTCC	STREME-1	Sequence_223	19	25	+	11.16	CGCTGCC
1-CGCTTCC	STREME-1	Sequence_900	19	25	+	11.16	CGCTGCC
1-CGCTTCC	STREME-1	Sequence_901	7	13	-	11.16	CGCTGCC
1-CGCTTCC	STREME-1	Sequence_546	4	10	-	11.16	CGCTGCC
1-CGCTTCC	STREME-1	Sequence_625	33	39	-	11.16	CGCTGCC
1-CGCTTCC	STREME-1	Sequence_984	19	25	-	11.16	CGCTGCC
1-CGCTTCC	STREME-1	Sequence_619	19	25	+	11.16	CGCTGCC
1-CGCTTCC	STREME-1	Sequence_436	19	25	+	11.16	CGCTGCC
1-CGCTTCC	STREME-1	Sequence_623	23	29	-	11.16	CGCTGCC
1-CGCTTCC	STREME-1	Sequence_545	16	22	-	11.16	CGCTGCC
1-CGCTTCC	STREME-1	Sequence_840	19	25	+	11.16	CGCTGCC
1-CGCTTCC	STREME-1	Sequence_26	4	10	+	11.16	CGCTGCC
1-CGCTTCC	STREME-1	Sequence_485	21	27	+	11.16	CGCTGCC
1-CGCTTCC	STREME-1	Sequence_68	19	25	+	11.16	CGCTGCC
1-CGCTTCC	STREME-1	Sequence_325	19	25	+	11.16	CGCTGCC
1-CGCTTCC	STREME-1	Sequence_107	16	22	-	11.12	CGCGTCC
1-CGCTTCC	STREME-1	Sequence_289	16	22	-	11.12	CGCGTCC
1-CGCTTCC	STREME-1	Sequence_769	21	27	+	11.12	CGCGTCC
1-CGCTTCC	STREME-1	Sequence_165	31	37	+	10.05	CGTTTCC
1-CGCTTCC	STREME-1	Sequence_913	33	39	+	10.05	CGTTTCC
1-CGCTTCC	STREME-1	Sequence_25	21	27	+	10.05	CGTTTCC
1-CGCTTCC	STREME-1	Sequence_628	1	7	-	10.05	CGTTTCC
1-CGCTTCC	STREME-1	Sequence_479	24	30	+	10.00	CGCCTCC
1-CGCTTCC	STREME-1	Sequence_432	16	22	-	10.00	CGCCTCC
1-CGCTTCC	STREME-1	Sequence_295	16	22	-	10.00	CGCCTCC
1-CGCTTCC	STREME-1	Sequence_733	16	22	-	10.00	CGCCTCC
1-CGCTTCC	STREME-1	Sequence_147	24	30	+	10.00	CGCCTCC
1-CGCTTCC	STREME-1	Sequence_516	28	34	-	10.00	CGCCTCC
1-CGCTTCC	STREME-1	Sequence_256	15	21	+	10.00	CGCCTCC
1-CGCTTCC	STREME-1	Sequence_763	9	15	-	10.00	CGCCTCC
1-CGCTTCC	STREME-1	Sequence_102	8	14	-	10.00	CGCCTCC
1-CGCTTCC	STREME-1	Sequence_640	21	27	+	10.00	CGCCTCC
1-CGCTTCC	STREME-1	Sequence_451	35	41	-	10.00	CGCCTCC
1-CGCTTCC	STREME-1	Sequence_548	16	22	-	9.52	CGCATCC
1-CGCTTCC	STREME-1	Sequence_939	16	22	-	9.52	CGCATCC
1-CGCTTCC	STREME-1	Sequence_644	16	22	-	9.52	CGCATCC
1-CGCTTCC	STREME-1	Sequence_643	1	7	-	9.52	CGCATCC
1-CGCTTCC	STREME-1	Sequence_511	22	28	-	9.44	CGCTACC
1-CGCTTCC	STREME-1	Sequence_815	16	22	-	9.44	CGCTACC
1-CGCTTCC	STREME-1	Sequence_896	21	27	+	9.44	CGCTACC
1-CGCTTCC	STREME-1	Sequence_869	11	17	+	9.06	CGATTCC
1-CGCTTCC	STREME-1	Sequence_54	24	30	+	9.06	CGATTCC
1-CGCTTCC	STREME-1	Sequence_65	16	22	-	9.06	CGATTCC
1-CGCTTCC	STREME-1	Sequence_814	30	36	+	9.06	CGATTCC
1-CGCTTCC	STREME-1	Sequence_399	33	39	-	9.06	CGATTCC
#
2-CTACTGC	STREME-2	Sequence_75	20	26	-	13.12	CTACTGC
2-CTACTGC	STREME-2	Sequence_88	20	26	-	13.12	CTACTGC
2-CTACTGC	STREME-2	Sequence_764	26	32	-	13.12	CTACTGC
2-CTACTGC	STREME-2	Sequence_615	35	41	-	13.12	CTACTGC
2-CTACTGC	STREME-2	Sequence_90	20	26	-	13.12	CTACTGC
2-CTACTGC	STREME-2	Sequence_47	20	26	-	13.12	CTACTGC
2-CTACTGC	STREME-2	Sequence_666	20	26	-	13.12	CTACTGC
2-CTACTGC	STREME-2	Sequence_665	35	41	+	13.12	CTACTGC
2-CTACTGC	STREME-2	Sequence_402	20	26	-	13.12	CTACTGC
2-CTACTGC	STREME-2	Sequence_619	26	32	-	13.12	CTACTGC
2-CTACTGC	STREME-2	Sequence_616	7	13	-	13.12	CTACTGC
2-CTACTGC	STREME-2	Sequence_419	4	10	-	13.12	CTACTGC
2-CTACTGC	STREME-2	Sequence_195	23	29	-	13.12	CTACTGC
2-CTACTGC	STREME-2	Sequence_917	20	26	-	13.12	CTACTGC
2-CTACTGC	STREME-2	Sequence_374	23	29	-	13.12	CTACTGC
2-CTACTGC	STREME-2	Sequence_193	13	19	+	11.89	CTACAGC
2-CTACTGC	STREME-2	Sequence_756	10	16	+	11.89	CTACAGC
2-CTACTGC	STREME-2	Sequence_546	20	26	-	11.89	CTACAGC
2-CTACTGC	STREME-2	Sequence_843	20	26	-	11.89	CTACAGC
2-CTACTGC	STREME-2	Sequence_948	15	21	+	11.89	CTACAGC
2-CTACTGC	STREME-2	Sequence_38	18	24	+	11.89	CTACAGC
2-CTACTGC	STREME-2	Sequence_545	32	38	-	11.89	CTACAGC
2-CTACTGC	STREME-2	Sequence_533	20	26	-	11.89	CTACAGC
2-CTACTGC	STREME-2	Sequence_195	18	24	+	11.89	CTACAGC
2-CTACTGC	STREME-2	Sequence_63	20	26	-	11.89	CTACAGC
2-CTACTGC	STREME-2	Sequence_64	6	12	+	11.89	CTACAGC
2-CTACTGC	STREME-2	Sequence_529	20	26	-	11.89	CTACAGC
2-CTACTGC	STREME-2	Sequence_818	31	37	-	10.88	CTACTGG
2-CTACTGC	STREME-2	Sequence_109	20	26	-	10.88	CTACTGG
2-CTACTGC	STREME-2	Sequence_29	21	27	-	10.88	CTACTGG
2-CTACTGC	STREME-2	Sequence_287	11	17	-	10.88	CTACTGG
2-CTACTGC	STREME-2	Sequence_114	21	27	+	10.88	CTACTGG
2-CTACTGC	STREME-2	Sequence_42	6	12	+	10.88	CTACTGG
2-CTACTGC	STREME-2	Sequence_521	20	26	-	10.88	CTACTGG
#
3-CGKCGMCG	STREME-3	Sequence_928	15	22	+	13.56	CGTCGACG
3-CGKCGMCG	STREME-3	Sequence_921	21	28	+	13.56	CGTCGACG
3-CGKCGMCG	STREME-3	Sequence_805	15	22	+	13.56	CGTCGACG
3-CGKCGMCG	STREME-3	Sequence_473	24	31	+	13.56	CGTCGACG
3-CGKCGMCG	STREME-3	Sequence_631	24	31	+	12.55	CGGCGACG
3-CGKCGMCG	STREME-3	Sequence_519	9	16	-	12.55	CGGCGACG
3-CGKCGMCG	STREME-3	Sequence_693	18	25	-	12.55	CGGCGACG
3-CGKCGMCG	STREME-3	Sequence_225	28	35	-	12.55	CGGCGACG
3-CGKCGMCG	STREME-3	Sequence_214	23	30	-	12.55	CGGCGACG
3-CGKCGMCG	STREME-3	Sequence_391	18	25	-	12.55	CGGCGACG
3-CGKCGMCG	STREME-3	Sequence_673	12	19	-	12.55	CGGCGACG
3-CGKCGMCG	STREME-3	Sequence_971	27	34	-	12.55	CGGCGACG
3-CGKCGMCG	STREME-3	Sequence_672	21	28	-	12.55	CGGCGACG
3-CGKCGMCG	STREME-3	Sequence_451	5	12	+	12.55	CGGCGACG
3-CGKCGMCG	STREME-3	Sequence_668	21	28	-	12.55	CGGCGACG
3-CGKCGMCG	STREME-3	Sequence_670	32	39	+	11.53	CGGCGCCG
3-CGKCGMCG	STREME-3	Sequence_671	21	28	+	11.53	CGGCGCCG
3-CGKCGMCG	STREME-3	Sequence_395	8	15	+	11.53	CGGCGCCG
3-CGKCGMCG	STREME-3	Sequence_663	18	25	+	11.53	CGGCGCCG
3-CGKCGMCG	STREME-3	Sequence_670	13	20	-	11.33	CGACGACG
3-CGKCGMCG	STREME-3	Sequence_519	15	22	-	11.33	CGACGACG
3-CGKCGMCG	STREME-3	Sequence_970	33	40	-	11.33	CGACGACG
3-CGKCGMCG	STREME-3	Sequence_880	18	25	-	11.33	CGACGACG
3-CGKCGMCG	STREME-3	Sequence_409	12	19	+	10.86	CCTCGACG
3-CGKCGMCG	STREME-3	Sequence_437	16	23	+	10.49	CGTCGCGG
3-CGKCGMCG	STREME-3	Sequence_266	6	13	+	10.49	CGTCGCGG
3-CGKCGMCG	STREME-3	Sequence_147	12	19	-	10.49	CGTCGCGG
3-CGKCGMCG	STREME-3	Sequence_264	6	13	-	10.49	CGTCGCGG
3-CGKCGMCG	STREME-3	Sequence_265	16	23	+	10.49	CGTCGCGG
3-CGKCGMCG	STREME-3	Sequence_971	24	31	-	10.31	CGACGCCG
3-CGKCGMCG	STREME-3	Sequence_796	18	25	+	10.31	CGACGCCG
3-CGKCGMCG	STREME-3	Sequence_797	27	34	-	10.24	CGTCGAAG
3-CGKCGMCG	STREME-3	Sequence_882	23	30	+	10.24	CGTCGAAG
3-CGKCGMCG	STREME-3	Sequence_796	6	13	-	10.24	CGTCGAAG
3-CGKCGMCG	STREME-3	Sequence_238	18	25	-	10.15	CTGCGACG
3-CGKCGMCG	STREME-3	Sequence_670	16	23	+	9.96	CGTCGCTG
3-CGKCGMCG	STREME-3	Sequence_196	18	25	+	9.96	CGTCGCTG
3-CGKCGMCG	STREME-3	Sequence_436	16	23	+	9.96	CGTCGCTG
3-CGKCGMCG	STREME-3	Sequence_297	21	28	+	9.85	CGGCGAGG
3-CGKCGMCG	STREME-3	Sequence_538	15	22	-	9.85	CGGCGAGG
3-CGKCGMCG	STREME-3	Sequence_669	11	18	-	9.85	CGGCGAGG
3-CGKCGMCG	STREME-3	Sequence_435	21	28	+	9.85	CGGCGAGG
3-CGKCGMCG	STREME-3	Sequence_479	18	25	-	9.53	CGGCGGCG
3-CGKCGMCG	STREME-3	Sequence_389	15	22	-	9.53	CGGCGGCG
3-CGKCGMCG	STREME-3	Sequence_223	13	20	-	9.53	CGGCGGCG
3-CGKCGMCG	STREME-3	Sequence_263	21	28	-	9.53	CGGCGGCG
3-CGKCGMCG	STREME-3	Sequence_266	15	22	+	9.53	CGGCGGCG
3-CGKCGMCG	STREME-3	Sequence_147	18	25	+	9.53	CGGCGGCG
3-CGKCGMCG	STREME-3	Sequence_213	18	25	-	9.53	CGGCGGCG
3-CGKCGMCG	STREME-3	Sequence_265	25	32	+	9.53	CGGCGGCG
3-CGKCGMCG	STREME-3	Sequence_8	15	22	+	9.53	CGGCGGCG
3-CGKCGMCG	STREME-3	Sequence_224	9	16	+	9.53	CGGCGGCG
3-CGKCGMCG	STREME-3	Sequence_224	12	19	+	9.53	CGGCGGCG
3-CGKCGMCG	STREME-3	Sequence_224	15	22	+	9.53	CGGCGGCG
3-CGKCGMCG	STREME-3	Sequence_224	18	25	+	9.53	CGGCGGCG
3-CGKCGMCG	STREME-3	Sequence_663	15	22	+	9.53	CGGCGGCG
3-CGKCGMCG	STREME-3	Sequence_883	13	20	-	9.53	CGGCGGCG
3-CGKCGMCG	STREME-3	Sequence_582	15	22	+	9.53	CGGCGGCG
3-CGKCGMCG	STREME-3	Sequence_823	25	32	-	9.53	CGGCGGCG
3-CGKCGMCG	STREME-3	Sequence_522	21	28	-	9.53	CGGCGGCG
3-CGKCGMCG	STREME-3	Sequence_451	21	28	+	9.53	CGGCGGCG
3-CGKCGMCG	STREME-3	Sequence_479	15	22	-	9.51	CGGCGATG
3-CGKCGMCG	STREME-3	Sequence_400	9	16	-	9.51	CGGCGATG
3-CGKCGMCG	STREME-3	Sequence_451	24	31	+	9.51	CGGCGATG
3-CGKCGMCG	STREME-3	Sequence_408	11	18	+	9.51	CGGCGATG
3-CGKCGMCG	STREME-3	Sequence_270	18	25	+	9.48	CGGCGCGG
3-CGKCGMCG	STREME-3	Sequence_263	18	25	-	9.48	CGGCGCGG
3-CGKCGMCG	STREME-3	Sequence_211	18	25	-	9.48	CGGCGCGG
3-CGKCGMCG	STREME-3	Sequence_627	21	28	+	9.23	CGGCGAAG
3-CGKCGMCG	STREME-3	Sequence_31	18	25	+	9.23	CGGCGAAG
3-CGKCGMCG	STREME-3	Sequence_79	8	15	+	9.22	CTACGACG
3-CGKCGMCG	STREME-3	Sequence_654	18	25	+	9.13	CGGCGCAG
3-CGKCGMCG	STREME-3	Sequence_863	9	16	+	9.13	CGGCGCAG
3-CGKCGMCG	STREME-3	Sequence_102	25	32	+	9.13	CGGCGCAG
3-CGKCGMCG	STREME-3	Sequence_473	27	34	+	9.08	CGACGTCG
3-CGKCGMCG	STREME-3	Sequence_628	29	36	+	9.08	CGACGTCG
3-CGKCGMCG	STREME-3	Sequence_969	16	23	+	8.95	CGGCGCTG
3-CGKCGMCG	STREME-3	Sequence_473	18	25	-	8.95	CGGCGCTG
3-CGKCGMCG	STREME-3	Sequence_320	18	25	+	8.93	CGTCGACT
3-CGKCGMCG	STREME-3	Sequence_381	18	25	+	8.93	CGTCGACT
3-CGKCGMCG	STREME-3	Sequence_922	15	22	-	8.89	CGTCGGGG
3-CGKCGMCG	STREME-3	Sequence_976	27	34	-	8.62	CGACGAGG
3-CGKCGMCG	STREME-3	Sequence_673	9	16	-	8.62	CGACGAGG
3-CGKCGMCG	STREME-3	Sequence_264	9	16	+	8.62	CGACGAGG
3-CGKCGMCG	STREME-3	Sequence_672	18	25	-	8.62	CGACGAGG
3-CGKCGMCG	STREME-3	Sequence_82	21	28	+	8.60	CGTCGACA
3-CGKCGMCG	STREME-3	Sequence_996	21	28	-	8.30	CGACGGCG
3-CGKCGMCG	STREME-3	Sequence_519	12	19	-	8.30	CGACGGCG
3-CGKCGMCG	STREME-3	Sequence_268	15	22	+	8.30	CGACGGCG
3-CGKCGMCG	STREME-3	Sequence_391	21	28	-	8.30	CGACGGCG
3-CGKCGMCG	STREME-3	Sequence_147	15	22	+	8.30	CGACGGCG
3-CGKCGMCG	STREME-3	Sequence_922	18	25	+	8.30	CGACGGCG
3-CGKCGMCG	STREME-3	Sequence_823	28	35	-	8.30	CGACGGCG
3-CGKCGMCG	STREME-3	Sequence_517	18	25	+	8.30	CGACGGCG
3-CGKCGMCG	STREME-3	Sequence_473	21	28	-	8.30	CGACGGCG
3-CGKCGMCG	STREME-3	Sequence_668	18	25	-	8.30	CGACGGCG
3-CGKCGMCG	STREME-3	Sequence_921	18	25	-	8.28	CGACGATG
3-CGKCGMCG	STREME-3	Sequence_795	25	32	+	8.28	CGACGATG
3-CGKCGMCG	STREME-3	Sequence_95	18	25	+	8.28	CGACGATG
3-CGKCGMCG	STREME-3	Sequence_867	1	8	-	8.21	CGGCGTAG
3-CGKCGMCG	STREME-3	Sequence_317	27	34	-	8.21	CGGCGTAG
3-CGKCGMCG	STREME-3	Sequence_668	15	22	-	8.21	CGGCGTAG
3-CGKCGMCG	STREME-3	Sequence_651	15	22	+	8.13	TGGCGACG
3-CGKCGMCG	STREME-3	Sequence_47	30	37	-	8.13	TGGCGACG
3-CGKCGMCG	STREME-3	Sequence_473	30	37	+	8.08	CGTCGTTG
3-CGKCGMCG	STREME-3	Sequence_276	13	20	-	7.97	CGGCGTGG
3-CGKCGMCG	STREME-3	Sequence_775	18	25	-	7.97	CGGCGTGG
3-CGKCGMCG	STREME-3	Sequence_996	13	20	+	7.93	CGTCGGAG
3-CGKCGMCG	STREME-3	Sequence_796	15	22	-	7.93	CGTCGGAG
3-CGKCGMCG	STREME-3	Sequence_603	16	23	-	7.92	CGGCGACT
3-CGKCGMCG	STREME-3	Sequence_213	15	22	-	7.88	CGGCGGGG
3-CGKCGMCG	STREME-3	Sequence_623	16	23	-	7.88	CGGCGGGG
3-CGKCGMCG	STREME-3	Sequence_492	16	23	-	7.88	CGGCGGGG
3-CGKCGMCG	STREME-3	Sequence_270	15	22	-	7.84	CGCCGAGG
3-CGKCGMCG	STREME-3	Sequence_767	30	37	-	7.84	CGCCGAGG
3-CGKCGMCG	STREME-3	Sequence_832	29	36	+	7.84	CGCCGAGG
3-CGKCGMCG	STREME-3	Sequence_418	20	27	-	7.78	CCTCGCGG
3-CGKCGMCG	STREME-3	Sequence_147	21	28	+	7.78	CGGCGCCT
3-CGKCGMCG	STREME-3	Sequence_331	2	9	+	7.73	CGACGCTG
3-CGKCGMCG	STREME-3	Sequence_330	18	25	+	7.73	CGACGCTG
3-CGKCGMCG	STREME-3	Sequence_628	26	33	-	7.68	CGTCGACC
3-CGKCGMCG	STREME-3	Sequence_628	32	39	+	7.68	CGTCGACC
3-CGKCGMCG	STREME-3	Sequence_548	22	29	+	7.60	GGGCGACG
3-CGKCGMCG	STREME-3	Sequence_368	24	31	-	7.60	GGGCGACG
3-CGKCGMCG	STREME-3	Sequence_632	6	13	-	7.59	CGGCGACA
3-CGKCGMCG	STREME-3	Sequence_582	30	37	+	7.59	CGGCGACA
3-CGKCGMCG	STREME-3	Sequence_265	7	14	-	7.54	CCTCGAAG
3-CGKCGMCG	STREME-3	Sequence_631	21	28	+	7.52	CGCCGGCG
3-CGKCGMCG	STREME-3	Sequence_899	22	29	+	7.52	CGCCGGCG
3-CGKCGMCG	STREME-3	Sequence_971	21	28	+	7.52	CGCCGGCG
3-CGKCGMCG	STREME-3	Sequence_898	3	10	+	7.52	CGCCGGCG
3-CGKCGMCG	STREME-3	Sequence_932	18	25	-	7.50	CGCCGATG
3-CGKCGMCG	STREME-3	Sequence_263	24	31	+	7.50	CGCCGATG
3-CGKCGMCG	STREME-3	Sequence_527	21	28	+	7.47	CGCCGCGG
3-CGKCGMCG	STREME-3	Sequence_603	19	26	+	7.47	CGCCGCGG
3-CGKCGMCG	STREME-3	Sequence_651	29	36	-	7.44	CTGCGAGG
3-CGKCGMCG	STREME-3	Sequence_461	18	25	+	7.25	CGTCGCGT
3-CGKCGMCG	STREME-3	Sequence_395	11	18	+	7.22	CGCCGAAG
3-CGKCGMCG	STREME-3	Sequence_459	10	17	+	7.19	CTTCGATG
3-CGKCGMCG	STREME-3	Sequence_516	18	25	-	7.19	CTTCGATG
3-CGKCGMCG	STREME-3	Sequence_365	8	15	-	7.19	CTTCGATG
3-CGKCGMCG	STREME-3	Sequence_867	4	11	+	7.12	CGCCGCAG
3-CGKCGMCG	STREME-3	Sequence_883	16	23	+	7.12	CGCCGCAG
3-CGKCGMCG	STREME-3	Sequence_829	22	29	+	7.12	CGCCGCAG
3-CGKCGMCG	STREME-3	Sequence_268	28	35	-	7.12	CGGCGCCA
3-CGKCGMCG	STREME-3	Sequence_623	7	14	+	7.12	CGGCGCCA
3-CGKCGMCG	STREME-3	Sequence_444	28	35	-	7.12	CGGCGCCA
3-CGKCGMCG	STREME-3	Sequence_10	27	34	+	7.07	CTGCGCGG
3-CGKCGMCG	STREME-3	Sequence_214	28	35	-	7.07	CTGCGCGG
3-CGKCGMCG	STREME-3	Sequence_644	33	40	-	7.07	CTGCGCGG
3-CGKCGMCG	STREME-3	Sequence_9	16	23	+	7.07	CTGCGCGG
3-CGKCGMCG	STREME-3	Sequence_643	18	25	-	7.07	CTGCGCGG
3-CGKCGMCG	STREME-3	Sequence_211	33	40	-	7.07	CGGCGTTG
3-CGKCGMCG	STREME-3	Sequence_797	18	25	-	7.00	CGGCGGTG
3-CGKCGMCG	STREME-3	Sequence_563	19	26	-	7.00	CGGCGGTG
3-CGKCGMCG	STREME-3	Sequence_452	18	25	-	7.00	CGGCGGTG
3-CGKCGMCG	STREME-3	Sequence_899	7	14	-	7.00	CGGCGGTG
3-CGKCGMCG	STREME-3	Sequence_898	18	25	+	7.00	CGGCGGTG
3-CGKCGMCG	STREME-3	Sequence_829	19	26	-	7.00	CGGCGGTG
3-CGKCGMCG	STREME-3	Sequence_631	11	18	+	6.98	CGTCGTCT
3-CGKCGMCG	STREME-3	Sequence_389	18	25	+	6.94	CGCCGCTG
3-CGKCGMCG	STREME-3	Sequence_392	16	23	+	6.94	CGCCGCTG
3-CGKCGMCG	STREME-3	Sequence_223	16	23	+	6.94	CGCCGCTG
3-CGKCGMCG	STREME-3	Sequence_393	25	32	+	6.94	CGCCGCTG
3-CGKCGMCG	STREME-3	Sequence_970	21	28	+	6.94	CGCCGCTG
3-CGKCGMCG	STREME-3	Sequence_623	25	32	-	6.94	CGCCGCTG
3-CGKCGMCG	STREME-3	Sequence_132	15	22	-	6.94	CGCCGCTG
3-CGKCGMCG	STREME-3	Sequence_850	15	22	-	6.92	CGGCGGAG
3-CGKCGMCG	STREME-3	Sequence_223	10	17	-	6.92	CGGCGGAG
3-CGKCGMCG	STREME-3	Sequence_516	33	40	+	6.92	CGGCGGAG
3-CGKCGMCG	STREME-3	Sequence_899	19	26	-	6.92	CGGCGGAG
3-CGKCGMCG	STREME-3	Sequence_898	6	13	+	6.92	CGGCGGAG
3-CGKCGMCG	STREME-3	Sequence_128	18	25	+	6.92	CGGCGGAG
3-CGKCGMCG	STREME-3	Sequence_791	18	25	+	6.92	CTTCGAAG
3-CGKCGMCG	STREME-3	Sequence_417	16	23	+	6.91	CATCGCTG
3-CGKCGMCG	STREME-3	Sequence_774	24	31	-	6.91	CATCGCTG
3-CGKCGMCG	STREME-3	Sequence_416	34	41	+	6.91	CATCGCTG
3-CGKCGMCG	STREME-3	Sequence_60	13	20	+	6.89	CGGAGACG
3-CGKCGMCG	STREME-3	Sequence_52	18	25	-	6.89	CGGAGACG
3-CGKCGMCG	STREME-3	Sequence_996	10	17	-	6.74	CGACGTGG
3-CGKCGMCG	STREME-3	Sequence_548	25	32	+	6.74	CGACGTGG
3-CGKCGMCG	STREME-3	Sequence_840	8	15	+	6.74	CGACGTGG
3-CGKCGMCG	STREME-3	Sequence_696	18	25	+	6.74	CGTCGAGT
3-CGKCGMCG	STREME-3	Sequence_797	30	37	+	6.69	CGACGACT
3-CGKCGMCG	STREME-3	Sequence_928	12	19	-	6.69	CGACGACT
3-CGKCGMCG	STREME-3	Sequence_409	15	22	+	6.69	CGACGACT
3-CGKCGMCG	STREME-3	Sequence_796	9	16	+	6.69	CGACGACT
3-CGKCGMCG	STREME-3	Sequence_64	18	25	-	6.69	CGACGACT
3-CGKCGMCG	STREME-3	Sequence_583	15	22	-	6.68	CGGCGACC
3-CGKCGMCG	STREME-3	Sequence_624	18	25	-	6.68	CGGCGACC
3-CGKCGMCG	STREME-3	Sequence_753	18	25	-	6.68	CGGCGACC
3-CGKCGMCG	STREME-3	Sequence_693	15	22	-	6.66	CGACGGGG
3-CGKCGMCG	STREME-3	Sequence_519	18	25	-	6.64	TGACGACG
3-CGKCGMCG	STREME-3	Sequence_659	18	25	-	6.64	TGACGACG
3-CGKCGMCG	STREME-3	Sequence_794	16	23	+	6.63	CTTCGCTG
3-CGKCGMCG	STREME-3	Sequence_332	18	25	+	6.63	CTTCGCTG
3-CGKCGMCG	STREME-3	Sequence_803	13	20	+	6.63	CTTCGCTG
3-CGKCGMCG	STREME-3	Sequence_391	24	31	+	6.57	CGTCGATA
3-CGKCGMCG	STREME-3	Sequence_900	13	20	+	6.48	CGGTGACG
3-CGKCGMCG	STREME-3	Sequence_901	12	19	-	6.48	CGGTGACG
3-CGKCGMCG	STREME-3	Sequence_325	4	11	-	6.48	CGGTGACG
3-CGKCGMCG	STREME-3	Sequence_652	18	25	+	6.42	CGTCGCGA
3-CGKCGMCG	STREME-3	Sequence_653	33	40	+	6.42	CGTCGCGA
3-CGKCGMCG	STREME-3	Sequence_519	6	13	-	6.37	CGACGACA
3-CGKCGMCG	STREME-3	Sequence_666	32	39	-	6.37	CGACGACA
3-CGKCGMCG	STREME-3	Sequence_238	15	22	-	6.37	CGACGACA
3-CGKCGMCG	STREME-3	Sequence_320	15	22	-	6.37	CGACGACA
3-CGKCGMCG	STREME-3	Sequence_659	15	22	-	6.37	CGACGACA
3-CGKCGMCG	STREME-3	Sequence_523	18	25	+	6.35	CAGCGCTG
3-CGKCGMCG	STREME-3	Sequence_557	16	23	+	6.35	CAGCGCTG
3-CGKCGMCG	STREME-3	Sequence_648	18	25	+	6.35	CAGCGCTG
3-CGKCGMCG	STREME-3	Sequence_565	15	22	-	6.34	CGTCGAAT
3-CGKCGMCG	STREME-3	Sequence_322	21	28	+	6.34	CGTCGAAT
3-CGKCGMCG	STREME-3	Sequence_837	21	28	+	6.34	CGTCGAAT
3-CGKCGMCG	STREME-3	Sequence_653	15	22	-	6.30	CGTCGCTA
3-CGKCGMCG	STREME-3	Sequence_165	21	28	+	6.29	CGTCGGCT
3-CGKCGMCG	STREME-3	Sequence_165	16	23	+	6.24	CGGCGCGT
3-CGKCGMCG	STREME-3	Sequence_268	18	25	+	6.24	CGGCGCGT
3-CGKCGMCG	STREME-3	Sequence_527	18	25	-	6.24	CGGCGCGT
3-CGKCGMCG	STREME-3	Sequence_522	18	25	-	6.24	CGGCGCGT
3-CGKCGMCG	STREME-3	Sequence_324	18	25	-	6.24	CGGCGCGT
3-CGKCGMCG	STREME-3	Sequence_132	18	25	+	6.24	CGGCGCGT
3-CGKCGMCG	STREME-3	Sequence_277	26	33	+	6.22	CCTCGACT
3-CGKCGMCG	STREME-3	Sequence_846	12	19	+	6.22	CCTCGACT
3-CGKCGMCG	STREME-3	Sequence_467	15	22	+	6.22	CCTCGACT
